,mcc,tp,tn,fp,fn,auroc,auprc,f1,acc,eval_loss
0,0.687142707500405,194.0,316.0,43.0,47.0,0.8969359331476322,0.870660833085849,0.8117154811715481,0.85,0.8461961993016303
0,0.7383794874099359,197.0,328.0,31.0,44.0,0.9143771888255758,0.9065378731932237,0.8400852878464818,0.875,0.8846329952541151
0,0.6995273003620833,183.0,331.0,28.0,58.0,0.9039517331453206,0.8925897850155664,0.8097345132743363,0.8566666666666667,0.7765977931650061
0,0.7418848022593254,208.0,317.0,42.0,33.0,0.9166425871773831,0.9073782877318629,0.8472505091649695,0.875,0.44313280715754155
0,0.6579658556319247,186.0,316.0,43.0,55.0,0.8971670962447554,0.8764506305707795,0.7914893617021277,0.8366666666666667,0.9671129929391962
0,0.6655581323959822,189.0,315.0,44.0,52.0,0.9028652665888417,0.8889469049427654,0.7974683544303798,0.84,0.6985738453896422
