,mcc,tp,tn,fp,fn,auroc,auprc,f1,acc,eval_loss
0,0.7125821199537189,240.0,274.0,46.0,40.0,0.9246149553571428,0.9054694575758212,0.8480565371024735,0.8566666666666667,0.9413808748910302
0,0.7401314093289127,247.0,275.0,45.0,33.0,0.9286216517857142,0.8940643632991042,0.8636363636363636,0.87,0.9732028089071575
0,0.6787300638893413,233.0,271.0,49.0,47.0,0.8910100446428572,0.8525270979405933,0.8291814946619217,0.84,0.8221388929768613
0,0.7023602819495106,225.0,286.0,34.0,55.0,0.9146930803571429,0.9030916365215786,0.8348794063079777,0.8516666666666667,0.5645891224083147
0,0.6614834162237766,226.0,273.0,47.0,54.0,0.893197544642857,0.8645988119086377,0.8173598553345389,0.8316666666666667,0.9176747030333469
0,0.6883031031753994,229.0,278.0,42.0,51.0,0.8951841517857142,0.8830031992621106,0.8312159709618875,0.845,0.8026676836766695
